{
  "pages": [ //pages数组中第一项表示应用启动页，参考：https://uniapp.dcloud.io/collocation/pages
    {
      "path": "pages/login/index",
      "style": {
        "navigationBarTitleText": "登录",
        "enablePullDownRefresh": false
      }
    },
    {
      "path": "pages/index/index",
      "style": {
        "navigationBarTitleText": "首页"
      }
    },
    {
      "path": "pages/mine/index",
      "style": {
        "navigationBarTitleText": "我的"
      }
    }, {
      "path": "pages/wait/index",
      "style": {
        "navigationBarTitleText": "待办"
      }
    }, {
      "path": "pages/trend/index",
      "style": {
        "navigationBarTitleText": "动态"
      }
    }, {
      "path": "wait-pkg/examine",
      "style": {
        "navigationBarTitleText": "待我审批",
        "enablePullDownRefresh": false
      }
    }, {
      "path": "wait-pkg/backlogTask",
      "style": {
        "navigationBarTitleText": "待办任务",
        "enablePullDownRefresh": false
      }
    }, {
      "path": "wait-pkg/myMessage",
      "style": {
        "navigationBarTitleText": "消息列表",
        "enablePullDownRefresh": false
      }
    }, {
      "path": "index-pkg/customerList",
      "style": {
        "navigationBarTitleText": "客户列表",
        "enablePullDownRefresh": false
      }
    }, {
      "path": "index-pkg/projectList",
      "style": {
        "navigationBarTitleText": "工程列表",
        "enablePullDownRefresh": false
      }
    }, {
      "path": "index-pkg/projectDetail",
      "style": {
        "navigationBarTitleText": "工程详情",
        "enablePullDownRefresh": false
      }
    }, {
      "path": "index-pkg/journalView",
      "style": {
        "navigationBarTitleText": "施工日志",
        "enablePullDownRefresh": false
      }

    }, {
      "path": "index-pkg/weekPlan",
      "style": {
        "navigationBarTitleText": "周计划",
        "enablePullDownRefresh": false
      }
    }, {
      "path": "index-pkg/pollingView",
      "style": {
        "navigationBarTitleText": "设计部巡检",
        "enablePullDownRefresh": false
      }
    }, {
      "path": "index-pkg/meetVideo",
      "style": {
        "navigationBarTitleText": "早会视频",
        "enablePullDownRefresh": false
      }
    }, {
      "path": "index-pkg/supplierList",
      "style": {
        "navigationBarTitleText": "供应商",
        "enablePullDownRefresh": false
      }

    }, {
      "path": "index-pkg/historyBill",
      "style": {
        "navigationBarTitleText": "历史单据",
        "enablePullDownRefresh": false
      }
    }, {
      "path": "wait-pkg/customerExamine",
      "style": {
        "navigationBarTitleText": "新建客户",
        "enablePullDownRefresh": false
      }
    }, {
      "path": "wait-pkg/supplierExamine",
      "style": {
        "navigationBarTitleText": "新建供应商",
        "enablePullDownRefresh": false
      }
    }, {
      "path": "wait-pkg/projectApplyExamine",
      "style": {
        "navigationBarTitleText": "工程请款",
        "enablePullDownRefresh": false
      }
    }, {
      "path": "wait-pkg/projectOrderExamine",
      "style": {
        "navigationBarTitleText": "材料单请款",
        "enablePullDownRefresh": false
      }
    }, {
      "path": "wait-pkg/commissionExamine",
      "style": {
        "navigationBarTitleText": "提成支付",
        "enablePullDownRefresh": false
      }
    }, {
      "path": "wait-pkg/customerDispose",
      "style": {
        "navigationBarTitleText": "客户审批",
        "enablePullDownRefresh": false
      }
    }, {
      "path": "wait-pkg/supplierDispose",
      "style": {
        "navigationBarTitleText": "供应商审批",
        "enablePullDownRefresh": false
      }

    }, {
      "path": "wait-pkg/projectEaxmine",
      "style": {
        "navigationBarTitleText": "通知签单",
        "enablePullDownRefresh": false
      }
    }, {
      "path": "wait-pkg/projectDispose",
      "style": {
        "navigationBarTitleText": "通知签单审批",
        "enablePullDownRefresh": false
      }

    }, {
      "path": "wait-pkg/commissionDispose",
      "style": {
        "navigationBarTitleText": "提成支付审批",
        "enablePullDownRefresh": false
      }

    }, {
      "path": "wait-pkg/projectApplyDispose",
      "style": {
        "navigationBarTitleText": "工程请款审批",
        "enablePullDownRefresh": false
      }
    }, {
      "path": "wait-pkg/orderDispose",
      "style": {
        "navigationBarTitleText": "订货单审批",
        "enablePullDownRefresh": false
      }
    }, {
      "path": "index-pkg/expiredPlan",
      "style": {
        "navigationBarTitleText": "回款到期未回",
        "enablePullDownRefresh": false
      }
    }, {
      "path": "index-pkg/contractPurchase",
      "style": {
        "navigationBarTitleText": "外采到期未付",
        "enablePullDownRefresh": false
      }
    }, {
      "path": "index-pkg/returnRecord",
      "style": {
        "navigationBarTitleText": "工程回款记录",
        "enablePullDownRefresh": false
      }

    }, {
      "path": "index-pkg/paymentRecord",
      "style": {
        "navigationBarTitleText": "工程付款流水",
        "enablePullDownRefresh": false
      }

    }, {
      "path": "wait-pkg/statementExamine",
      "style": {
        "navigationBarTitleText": "结算单",
        "enablePullDownRefresh": false
      }

    }, {
      "path": "wait-pkg/statementDispose",
      "style": {
        "navigationBarTitleText": "结算单审批",
        "enablePullDownRefresh": false
      }

    }, {
      "path": "index-pkg/commissionRecord",
      "style": {
        "navigationBarTitleText": "提成支付记录",
        "enablePullDownRefresh": false
      }

    }, {
      "path": "wait-pkg/costExamine",
      "style": {
        "navigationBarTitleText": "经营成本",
        "enablePullDownRefresh": false
      }

    }, {
      "path": "wait-pkg/costDispose",
      "style": {
        "navigationBarTitleText": "经营审批",
        "enablePullDownRefresh": false
      }
    }, {
      "path": "index-pkg/checkDetail",
      "style": {
        "navigationBarTitleText": "打卡详情",
        "enablePullDownRefresh": false
      }
    }, {
      "path": "index-pkg/manageView",
      "style": {
        "navigationBarTitleText": "经营费用",
        "enablePullDownRefresh": false
      }
    }, {
      "path": "index-pkg/manageCost",
      "style": {
        "navigationBarTitleText": "经营费用明细",
        "enablePullDownRefresh": false
      }
    }, {
      "path": "index-pkg/materialsView",
      "style": {
        "navigationBarTitleText": "材料单明细",
        "enablePullDownRefresh": false
      }
    }, {
      "path": "index-pkg/procureDetail",
      "style": {
        "navigationBarTitleText": "",
        "enablePullDownRefresh": false
      }

    }, {
      "path": "index-pkg/businessList",
      "style": {
        "navigationBarTitleText": "业务登记",
        "enablePullDownRefresh": false
      }

    }, {
      "path": "wait-pkg/messageDetail",
      "style": {
        "navigationBarTitleText": "消息详情",
        "enablePullDownRefresh": false
      }
    }, {
      "path": "index-pkg/businessDetail",
      "style": {
        "navigationBarTitleText": "业务详情",
        "enablePullDownRefresh": false
      }
    }, {
      "path": "index-pkg/businessFollow",
      "style": {
        "navigationBarTitleText": "新增跟进",
        "enablePullDownRefresh": false
      }

    }, {
      "path": "index-pkg/amendProject",
      "style": {
        "navigationBarTitleText": "整改工程",
        "enablePullDownRefresh": false
      }
    }, {
      "path": "index-pkg/profitList",
      "style": {
        "navigationBarTitleText": "利润表",
        "enablePullDownRefresh": false
      }
    }, {
      "path": "index-pkg/offerList",
      "style": {
        "navigationBarTitleText": "报价查询",
        "enablePullDownRefresh": false
      }
    }, {
      "path": "index-pkg/addRequest",
      "style": {
        "navigationBarTitleText": "填写请款单",
        "enablePullDownRefresh": false
      }
    }, {
      "path": "index-pkg/selectPayee",
      "style": {
        "navigationBarTitleText": "选择收款人",
        "enablePullDownRefresh": false
      }
    }, {
      "path": "index-pkg/ganttView",
      "style": {
        "navigationBarTitleText": "甘特图",
        "enablePullDownRefresh": false
      }
    }, {
      "path": "index-pkg/editGantt",
      "style": {
        "navigationBarTitleText": "编辑甘特图",
        "enablePullDownRefresh": false
      }
    }, {
      "path": "wait-pkg/oaExamine",
      "style": {
        "navigationBarTitleText": "行政申请",
        "enablePullDownRefresh": false
      }

    }, {
      "path": "wait-pkg/oaDispose",
      "style": {
        "navigationBarTitleText": "行政审批",
        "enablePullDownRefresh": false
      }

    }, {
      "path": "index-pkg/contractStatistics",
      "style": {
        "navigationBarTitleText": "合同统计",
        "enablePullDownRefresh": false
      }

    }, {
      "path": "index-pkg/donationView",
      "style": {
        "navigationBarTitleText": "发乐捐单",
        "enablePullDownRefresh": false
      }
    }, {
      "path": "index-pkg/trendVideo",
      "style": {
        "navigationBarTitleText": "播放视频",
        "enablePullDownRefresh": false
      }

    }, {
      "path": "wait-pkg/userBusiness",
      "style": {
        "navigationBarTitleText": "人员业务详情",
        "enablePullDownRefresh": false
      }
    }, {
      "path": "index-pkg/supplierDetail",
      "style": {
        "navigationBarTitleText": "供应商详情",
        "enablePullDownRefresh": false
      }
    }, {
      "path": "index-pkg/submitApplyBill",
      "style": {
        "navigationBarTitleText": "提交请款单",
        "enablePullDownRefresh": false
      }
    }, {
      "path": "index-pkg/customerDetail",
      "style": {
        "navigationBarTitleText": "客户详情",
        "enablePullDownRefresh": false
      }
    }, {
      "path": "share/trend",
      "style": {
        "navigationBarTitleText": "施工动态",
        "enablePullDownRefresh": false
      }
    }, {
      "path": "wait-pkg/changeExamine",
      "style": {
        "navigationBarTitleText": "变更清单",
        "enablePullDownRefresh": false
      }
    }, {
      "path": "wait-pkg/changeDispose",
      "style": {
        "navigationBarTitleText": "变更清单审批",
        "enablePullDownRefresh": false
      }
    }, {
      "path": "wait-pkg/userInfo",
      "style": {
        "navigationBarTitleText": "用户信息",
        "enablePullDownRefresh": false
      }
    }, {
      "path": "index-pkg/absent",
      "style": {
        "navigationBarTitleText": "缺卡人员",
        "enablePullDownRefresh": false
      }
    }, {
      "path": "index-pkg/workerRoster",
      "style": {
        "navigationBarTitleText": "花名册",
        "enablePullDownRefresh": false
      }
    }, {
      "path": "index-pkg/addRoster",
      "style": {
        "navigationBarTitleText": "新增花名册人员",
        "enablePullDownRefresh": false
      }

    }, {
      "path": "index-pkg/deficiencyWageCard",
      "style": {
        "navigationBarTitleText": "缺银行卡工人",
        "enablePullDownRefresh": false
      }
    }, {
      "path": "index-pkg/patrolAll",
      "style": {
        "navigationBarTitleText": "",
        "enablePullDownRefresh": false
      }
    }, {
      "path": "index-pkg/trendView",
      "style": {
        "navigationBarTitleText": "发起整改",
        "enablePullDownRefresh": false
      }
    }, {
      "path": "index-pkg/newPolling",
      "style": {
        "navigationBarTitleText": "工程部巡检",
        "enablePullDownRefresh": false
      }

    }, {
      "path": "index-pkg/certList",
      "style": {
        "navigationBarTitleText": "证书管理",
        "enablePullDownRefresh": false
      }
    }
  ],
  "globalStyle": {
    "navigationBarTextStyle": "black",
    "navigationBarTitleText": "uni-app",
    "navigationBarBackgroundColor": "#F8F8F8",
    "backgroundColor": "#F8F8F8"
  },
  "tabBar": {
    "color": "#7A7E83",
    "selectedColor": "#007AFF",
    "borderStyle": "black",
    "backgroundColor": "#F8F8F8",
    "list": [{
        "pagePath": "pages/index/index",
        "iconPath": "static/home.png",
        "selectedIconPath": "./static/home_on.png",
        "text": "首页"
      },
      {
        "pagePath": "pages/trend/index",
        "iconPath": "static/journal.png",
        "selectedIconPath": "static/journal_no.png",
        "text": "动态"
      },
      // {
      //   "pagePath": "pages/wait/index",
      //   "iconPath": "static/todo.png",
      //   "selectedIconPath": "static/todo_on.png",
      //   "text": "待办"
      // },
      {
        "pagePath": "pages/mine/index",
        "iconPath": "static/mine.png",
        "selectedIconPath": "static/mine_on.png",
        "text": "我的"
      }
    ]
  }
}
